city,latitude,longitude,wind_mean_ms,wind_power_density,solar_mean_mj,solar_annual_kwh_m2,distance_to_grid_km,solar_norm,wind_norm,grid_norm,suitability_score
Abu Dhabi,24.47,54.37,3.8799915434217698,35.844159999999995,5.785608886122785,587.0548571428571,12.769681749164276,0.4028621592999276,0.460744182930821,0.9946510058302168,59.77634203482823
Abuja,9.07,7.4,2.3745114561611755,8.24274857142857,5.328320330120288,540.6097142857143,117.91275329342616,0.3501836769877493,0.20358874298151325,0.9502773947746742,48.623331212195595
Accra,5.56,-0.2,3.4611798937046183,25.484714285714286,4.930778563964369,500.31800000000004,23.374700580262747,0.3044844665265866,0.3892057448270781,0.9901753616062436,53.56081185406312
Addis Ababa,9.02,38.74,2.974530567942425,16.205,5.933025253729428,602.0148571428572,73.53081536814324,0.4198299205535458,0.3060797556317467,0.969007938047406,55.045827632516406
Algiers,36.74,3.06,3.509844755274668,26.619925714285714,4.834681374760728,490.56685714285715,2.219781002555424,0.2934246360486505,0.3975183316178405,0.9991033885267555,53.635637046283904
Amman,31.95,35.93,3.047474635612161,17.367857142857144,5.6748766003657245,575.82,15.23000596244049,0.39011948725992057,0.31853954435431653,0.9936126733171278,54.96934602054016
Amsterdam,52.37,4.9,5.634185116507865,110.11375142857143,2.9497414665768398,299.30285714285714,5.314333628530699,0.07649135473768673,0.7603830980253644,0.9977973921106423,55.80506889358767
Ankara,39.92,32.85,3.2137257771646723,20.42412857142857,4.633945373669971,470.20342857142856,41.39037024271011,0.2703282594239776,0.34693738621870407,0.9825721947330937,50.69841780551303
Antananarivo,-18.91,47.54,3.6117413707185095,29.085174285714285,5.549629978291788,563.1108571428572,9.207792366775445,0.3757046676250191,0.41492358937949353,0.9961542327357619,57.360521368458414
Apia,-13.83,-171.77,5.27881878027654,91.09597142857143,5.302456001989029,538.0319999999999,939.4185418752494,0.34726001117357536,0.6996819387672402,0.6035766772950539,52.988158928811835
Ashgabat,37.95,58.38,3.4203481312758655,24.591122857142857,4.923778794657099,499.5297142857143,13.514973663058639,0.3035903860586963,0.3822311525225211,0.9943364697126746,53.44064410940372
Asmara,15.34,38.93,3.9098075069776397,36.971805714285715,6.101991557537454,619.1568571428572,9.057596147049184,0.4392725250595299,0.4658371345351653,0.9962176201614692,61.43254364328023
Asuncion,-25.28,-57.65,3.8222896196250793,34.327917142857146,4.897952173259333,496.99114285714285,63.609213581457325,0.3007111164112861,0.4508879492114766,0.9731951592524195,54.75093791036832
Athens,37.98,23.73,4.448253862029878,54.174699999999994,4.798243691871718,486.87171428571423,10.87867081053834,0.2892335730942378,0.5578107252151406,0.9954490706257373,58.16713679899584
Baghdad,33.34,44.4,3.403275200239539,24.167857142857144,5.344982728262381,542.3465714285715,7.944655686765447,0.35215363536553285,0.37931487542990305,0.9966873152767751,55.36621113582165
Baku,40.41,49.87,5.567519095740699,105.97272285714287,3.9503084992247066,400.8297142857143,5.824463444632208,0.19164399329585483,0.7489956807854291,0.9975821016334377,60.0630932044002
Bamako,12.65,-8.0,3.258565895650872,21.263997142857143,5.882593244682558,596.8954285714286,8.205042698987032,0.4140234204362362,0.3545966574998537,0.9965774239464713,57.096159260839194
Bandar Seri Begawan,4.94,114.95,2.6662555944093334,11.672065714285713,5.115045917081048,519.0154285714286,4.051654290633687,0.32569125155710654,0.2534224092376717,0.9983302816392132,50.58023078859081
Bangkok,13.75,100.52,2.833687987766407,14.017242857142858,5.307936981681692,538.5868571428572,5.950835952161832,0.3478893349389408,0.2820220241643957,0.997528768547245,52.30209717890686
Bangui,4.36,18.55,2.0215964753563678,5.103891428571429,5.164230660785132,524.0051428571429,7.835835009559274,0.3313506286108343,0.14330630688586227,0.9967332409505664,47.455211579526235
Banjul,13.45,-16.58,4.047400515436356,40.680868571428576,5.7883069515468435,587.3294285714286,5.211541658913976,0.4031735805864961,0.48933979718979626,0.9978407734843497,60.74236034368422
Basseterre,17.3,-62.73,6.640429651492306,180.36645428571427,5.761428103386695,584.6011428571429,155.85600941014334,0.4000791353571073,0.9322626587582852,0.9342641733196089,71.9989703766211
Beijing,39.91,116.39,3.343975385240555,22.935837142857142,4.0606219811577,412.0274285714286,8.87431835398619,0.20434453758637813,0.36918570125880906,0.9962949690289223,49.13820161208706
Beirut,33.89,35.5,3.4772775592698344,25.857882857142858,5.270689331793441,534.8074285714285,13.008952200202758,0.3436026743991611,0.39195543398312166,0.9945500263384107,55.33927078561241
Belgrade,44.8,20.47,3.545453825671297,27.425174285714284,3.7149932814047246,376.95885714285714,28.42066316040772,0.1645694608814681,0.40360082067997977,0.988045810151796,48.332177360212
Belmopan,17.25,-88.77,1.1826300065231572,1.0186685714285713,5.017276286847818,509.09285714285716,114.70118813523762,0.3144369853123222,0.0,0.9516327740794247,41.12646263487563
Berlin,52.52,13.4,4.5681248125929015,58.64687714285714,2.803314148706597,284.44685714285714,1.688739110492335,0.05964155118262317,0.5782862315270619,0.9993275045434032,49.71407412941888
Bern,46.95,7.45,2.8217785313271952,13.838728571428572,3.5588311794412317,361.0762857142857,0.2891115166666591,0.14655531114259532,0.2799877352115903,0.9999181904493678,44.259390215532555
Bishkek,42.87,74.59,3.175091401195556,19.643094285714284,4.248271352213943,431.0282857142857,5.234322147902618,0.22589547392421933,0.340338135897444,0.9978311594171251,49.180897816405846
Bissau,11.86,-15.6,3.1204118657298987,18.659534285714287,5.48605901575182,556.6605714285714,4.454534495083653,0.3683886978377447,0.3309981651347082,0.9981602537977998,54.61030048148503
Bogota,4.71,-74.07,1.777307550821811,3.49524,4.648115178424391,471.63857142857137,32.028136427233335,0.27195601085210824,0.10157860394577471,0.9865233454445709,43.521298915794695
Brasilia,-15.78,-47.93,3.12933699485633,18.896037142857143,5.504357695250928,558.5148571428572,2.168945634074539,0.37049184471581925,0.3325226924443242,0.9991248426162709,54.76909984045062
Bratislava,48.15,17.12,4.21433009741961,45.94080285714286,3.272514835349096,332.0571428571429,4.001526383420968,0.1136415485901463,0.5178535254408076,0.9983514371583074,50.031810821579306
Brazzaville,-4.27,15.28,1.9927992835220774,4.903314285714285,4.527895069348646,459.43771428571426,3.3720066779233635,0.25811769326591166,0.13838737464749137,0.998617113842023,44.4348423853219
Bridgetown,13.1,-59.62,7.014758564049918,213.0609342857143,5.7571065249109745,584.1611428571429,203.80743155015526,0.39958008355553026,0.9962028709265227,0.9140271978884194,73.29010540666947
Brussels,50.85,4.35,4.703601396597264,64.11915714285715,3.008109051982077,305.224,0.09526415490123621,0.08320716612462296,0.6014273815544026,1.0,51.37110809161699
Bucharest,44.43,26.1,3.3082122806454715,22.274205714285717,3.8118849706457922,386.78999999999996,6.475328523964239,0.17572002805059997,0.3630769011664503,0.9973074165452457,47.84033065337488
Budapest,47.5,19.04,3.8204164105525438,34.270028571428576,3.4682379426176038,351.9185714285714,4.356675724158997,0.13616855247756535,0.45056798091216727,0.9982015532098829,48.90982812276412
Buenos Aires,-34.6,-58.38,5.610717329141403,108.33361428571429,4.798995176563686,486.94942857142854,2.737600047926031,0.28932171730854234,0.7563744968914627,0.9988848529582302,64.23064918783248
Bujumbura,-3.38,29.36,1.9577372194240374,4.614428571428571,5.007767056580368,508.1302857142858,33.21183923994688,0.31334522848146973,0.1323983213249272,0.9860237864394433,46.0864723721899
Cairo,30.06,31.25,4.016214517767583,39.740074285714286,5.692812071776117,577.6394285714287,5.554934702272095,0.39218309886540265,0.48401282606700696,0.9976958510551173,60.13858426827983
Canberra,-35.28,149.13,2.532379239250158,9.988642857142858,4.770040710125865,484.00628571428575,12.900631747778478,0.2859835792513705,0.2305545989616741,0.9945957409019539,48.193853365963655
Caracas,10.49,-66.88,2.5734606011998333,10.548462857142857,5.45819408343225,553.8337142857143,24.47285627013874,0.3651824520424182,0.23757182608761274,0.9897119061189226,51.42581004789278
Castries,14.01,-60.99,7.036988318201748,214.94317714285714,5.680472488680718,576.3848571428572,54.595920274368126,0.3907601531116853,1.0,0.9769990463337469,74.94037751447982
Chisinau,47.0,28.86,4.0707478425459565,41.42226,3.5356331059638766,358.75514285714286,2.9530787873471898,0.14392265085947092,0.4933278221562602,0.9987939143007096,50.520558128087934
Colombo,6.93,79.84,4.3872931784885525,52.191131428571424,5.487088913776694,1113.5345714285713,3.1231398093343516,1.0,0.5473978532493579,0.9987221433172817,86.3835998969992
Conakry,9.54,-13.68,3.740288948060697,32.12203714285714,5.243350081314897,532.0325714285714,4.919154218037099,0.3404554074531118,0.4368811755910778,0.9979641699800811,56.66357666525923
Copenhagen,55.68,12.57,5.725781243249602,115.49920857142857,2.9043823204474246,294.70285714285717,0.44656613531511063,0.07127399499392717,0.7760288993011448,0.9998517397560013,56.127378971471465
Cotonou,6.37,2.42,3.1796649920331936,19.766374285714285,4.692013087399613,476.0911428571428,2.3990867209006472,0.2770061558363784,0.34111936427366313,0.9990277159970393,51.28465864157621
Dakar,14.69,-17.44,5.289155849988772,90.8868142857143,5.781873025020342,586.5417142857143,5.071236034015896,0.4022801482378287,0.7014476437620321,0.9978999867747425,67.07163484561637
Damascus,33.51,36.29,3.460289694480981,25.47248857142857,5.495690374557548,557.6388571428572,26.93859251688141,0.36949827794722506,0.3890536873040766,0.9886712895612024,56.111680423847375
Dhaka,23.72,90.41,3.131883331729278,19.035042857142855,4.555200007207555,462.20828571428575,5.044023195393796,0.26126009931778976,0.33295763966439246,0.9979114714298795,50.376477305539744
Dili,-8.56,125.58,3.5441535593981586,27.45876,5.695019457016671,577.8654285714287,282.6731834504586,0.39243943001803083,0.40337871840951495,0.8807434241786721,54.22124147836684
Djibouti,11.59,43.15,4.713169133703335,64.21067428571428,5.90038631884337,598.7011428571428,1.7387011118291529,0.4160714771803703,0.603061674605271,0.9993064190416929,64.71390189662372
Dodoma,-6.17,35.74,4.5437710521531764,58.01752285714286,6.167557820067798,625.8111428571428,110.77017513019672,0.4468198734093534,0.574126294751217,0.9532917825102991,63.69533725421963
Doha,25.29,51.53,4.288508724990109,48.49055714285714,5.223420497684813,530.0114285714286,10.688520664834533,0.33816300976197183,0.5305241929369402,0.9955293198374418,59.308125773710344
Dublin,53.33,-6.25,6.121365589811042,141.3313657142857,2.7299844400671565,277.00485714285713,3.1943497495696755,0.05120077048413211,0.8435998140796795,0.9986920905316357,57.31678795770474
Dushanbe,38.56,68.77,2.382810276646028,8.303662857142857,4.690026893817651,475.6988571428571,2.984007864076431,0.27656122198990746,0.20500628868729923,0.9987808612787565,47.17606337857797
Freetown,8.49,-13.23,2.222978219071145,6.745065714285714,4.950158845615048,502.28114285714287,1.9405621127382604,0.3067110801166097,0.17770490925925136,0.999221227488792,47.57622730710569
Funafuti,-8.52,179.2,5.131401028733973,84.02993142857143,5.340053485547464,541.8485714285714,879.77888566456,0.35158879946283883,0.6745010831218844,0.6287464471078499,53.16097788540558
Gaborone,-24.65,25.91,3.5785243035727654,28.146665714285714,5.8582086847390205,594.4245714285714,194.0619181601158,0.411220952916731,0.409249685361784,0.9181401043724586,56.270531808696525
Georgetown,6.8,-58.16,4.446408595596334,54.107397142857145,4.726617158555495,479.6037142857143,1.6061133208934146,0.2809901446990978,0.5574955298794089,0.9993623751687042,57.9453429394073
Guatemala City,14.64,-90.51,2.8369314041897917,14.075491428571429,5.400391842032659,547.9671428571428,13.386668804338502,0.35852853604126184,0.28257604157342825,0.994390618310521,52.65014123816895
Hanoi,21.03,105.85,2.678582543603563,11.84653142857143,3.8005530873568385,385.6345714285714,10.699030336123784,0.1744095309820432,0.2555280113443345,0.995524884432814,44.50796811259618
Harare,-17.83,31.05,3.7979076000128322,33.698794285714285,5.779708940853143,586.4594285714286,265.58271461236944,0.4021868190697416,0.4467231854040396,0.8879561278389317,56.1278521600788
Havana,23.13,-82.38,4.444216780554575,54.17599428571428,5.252135347555955,532.9237142857143,3.3511614157971157,0.341466149381111,0.5571211395662319,0.998625911183972,60.331057497750564
Helsinki,60.17,24.94,4.895487098050538,72.25445142857143,2.582630501149573,262.0525714285714,0.26043839866436436,0.03424175884002214,0.6342039372822078,0.9999302913873307,50.39369721368704
Honiara,-9.43,160.05,4.519405984194711,57.434397142857144,4.982258106338156,505.54085714285713,1029.6233712244073,0.31040827622322786,0.5699644265051514,0.5655074640403688,46.48048776529472
Islamabad,33.72,73.04,2.4895081475302896,9.531202857142858,4.895172823992386,496.7054285714285,5.38978457655487,0.30038705679987243,0.2232316628792777,0.9977655494892292,48.64539864305011
Jakarta,-6.21,106.85,3.1142450910568584,18.661534285714286,4.838141533498017,490.9134285714286,11.257124656021194,0.29381772035729525,0.3299448003857931,0.9952893514593169,51.509733369645105
Jerusalem,31.77,35.22,3.3112941986675652,22.292122857142857,5.6748766003657245,575.82,1.33487474397647,0.39011948725992057,0.3636033325630298,0.9994768461931721,56.497184853082885
Juba,4.85,31.62,2.9035942147081153,15.159717142857144,5.652915680557784,573.5908571428572,115.47102111570698,0.3875911741716713,0.29396291046140544,0.9513078808767499,52.861770707011516
Kabul,34.53,69.17,3.0544031760290014,17.6484,5.449846178841445,552.9868571428572,6.40293322784392,0.3642219393541882,0.3197230285293488,0.9973379695875443,54.08070751767432
Kampala,0.32,32.58,2.2974633045672794,7.510705714285715,5.321640781238972,539.9771428571429,13.361700121671458,0.34946620900807956,0.19042792372653253,0.9944011558628006,49.52352074800318
Kathmandu,27.71,85.32,2.1790276261054613,6.3814657142857145,4.8547917226054125,492.60714285714283,21.02783973065779,0.29573874573375525,0.17019758042391023,0.991165809089015,46.67045151473796
Khartoum,15.55,32.53,4.715240890571365,64.32633714285714,6.577179160394811,667.3748571428571,4.26034657699856,0.4939617972605297,0.6034155574320015,0.9982422070736765,67.80820482559153
Kigali,-1.94,30.06,2.2488140750483887,7.003545714285714,4.990268950242212,506.354,5.489201244338832,0.31133054987731107,0.18211800709197282,0.9977235925967408,47.84846998575385
Kingston,17.99,-76.79,5.508372925689477,103.64936285714286,5.557896740581524,563.95,2.5077079893986562,0.37665643070374094,0.73889275115551,0.998981874479858,67.20249599721066
Kingstown,13.16,-61.22,6.904221498615166,203.29830285714286,5.735955686225445,582.0148571428572,152.32531277967385,0.39714574775459105,0.9773217127278098,0.9357542359241582,73.27810836974268
Kinshasa,-4.32,15.32,2.018291101771946,5.09062,4.527895069348646,459.43771428571426,8.065044307672714,0.25811769326591166,0.1427417063936396,0.9966365075748392,44.50605414969083
Kuala Lumpur,3.14,101.69,1.579448844545678,2.424314285714286,4.849726457048752,492.09542857142856,19.367979532194866,0.29515835496971343,0.06778178186171577,0.9918663211605323,43.595777289455974
Kuwait City,29.37,47.98,4.787996049747094,67.57725142857143,5.66580691694203,574.9011428571429,17.802384527624174,0.3890773115496142,0.6158430781443217,0.9925270504200354,63.814196318915286
Kyiv,50.45,30.52,4.311873080748131,49.33691714285714,3.259130206072541,330.67571428571426,8.70539165366139,0.11207472036896131,0.5345151266164544,0.9963662612937099,50.40943045206339
Libreville,0.39,9.45,3.2333034551345805,20.79989142857143,4.349777783901704,441.36485714285715,6.077610887154229,0.23761930254594196,0.35028150643267414,0.9974752656242819,49.93747526354636
Lilongwe,-13.97,33.79,3.5997802979264915,28.693637142857142,5.643976793985863,572.6845714285714,205.60334271360838,0.3865632570842672,0.4128804836870802,0.9132692681238905,55.24702283769981
Lima,-12.04,-77.03,3.2513599713408827,21.268185714285714,4.950349123565707,502.30542857142854,1.9683858464524184,0.30673862518357975,0.3533657925738695,0.9992094850171311,52.84680333507321
Lisbon,38.72,-9.14,5.685801379487344,112.9575057142857,4.776825282666581,484.6988571428571,11.20943975844458,0.2867690997494371,0.7691998222898346,0.9953094759531823,64.406042937268
Ljubljana,46.05,14.51,1.819978933410328,3.7017314285714282,3.44720802863773,349.7822857142857,2.850900713259933,0.1337455587630256,0.1088674271295887,0.9988370365916164,38.58095626215718
Lome,6.14,1.22,4.11538401933421,42.845980000000004,4.89106068910205,496.2874285714286,14.708481904114969,0.2999129575883744,0.5009522575617958,0.9938327725151097,56.84006920584215
London,51.51,-0.13,5.045412451744677,79.01025142857142,2.9316691131072687,297.46799999999996,6.501873362274411,0.0744102439131883,0.6598131237570193,0.9972962138067922,52.68968988344187
Luanda,-8.84,13.23,3.553476040764386,27.620394285714287,4.844055561173313,491.51885714285714,0.5190895160780478,0.2945044026738807,0.4049711186129037,0.9998211326580428,53.923943645083625
Lusaka,-15.42,28.28,4.222382973490316,46.35078,5.7398120243602495,582.41,5.86203305758951,0.39759392219717604,0.5192290606646498,0.9975662461008915,61.40761609085328
Luxembourg,49.61,6.13,4.150497532963332,44.02179714285714,3.1154540778501385,316.1154285714286,16.16486309546406,0.09556031851171091,0.5069500991286632,0.9932181348448916,48.82745975967507
Madrid,40.42,-3.7,3.4801284206473966,25.901674285714286,4.67147257671126,474.00399999999996,41.7168784080773,0.27463890037500177,0.3924423979210609,0.9824343982418587,52.23185989988765
Majuro,7.1,171.38,6.259367491150963,152.3483085714286,5.269478062023462,534.6874285714287,2369.5907603103506,0.34346656936236747,0.867172320918666,0.0,39.75383240205468
Malabo,3.75,8.78,3.6293451263460694,29.500097142857143,3.9226257339407353,398.0222857142857,1.1095684977052556,0.1884597835541044,0.41793053816710757,0.9995719323609394,50.06346545800559
Male,4.17,73.51,4.775125561151926,67.42842857142857,5.543954456150482,562.5357142857143,598.3865103919587,0.37505233562724344,0.6136446324889723,0.7475026868766806,55.83651300605932
Managua,12.13,-86.28,5.369952079390031,97.10514285714285,5.570498936147915,565.2288571428571,3.5856779490115698,0.3781069215244283,0.715248683107383,0.9985269379917482,66.53754549395107
Manama,26.21,50.59,4.59858151273085,59.75002571428571,5.177385390202432,525.3405714285715,1.3367281807189555,0.3328652832345817,0.5834886292137891,0.9994760639858434,60.80355212537225
Manila,14.6,120.98,2.891256683028028,14.923525714285715,5.108347148760065,518.3334285714285,6.050818495522971,0.32491772126466206,0.291855500729501,0.9974865728378531,51.67697105760711
Maputo,-25.97,32.59,4.4862153775410905,55.40416285714286,5.007170355779411,508.07,71.99545298608042,0.3132768519034614,0.5642950422811946,0.9696559082100648,58.54960259087624
Maseru,-29.32,27.48,3.350845330595746,23.107442857142857,5.650752658603617,573.3748571428571,112.048030679581,0.3873461851054425,0.3703591766406432,0.9527524881535646,55.18719734804394
Mbabane,-26.32,31.14,2.9939410777111206,16.46504285714286,4.883790990022777,495.55199999999996,6.440883641395232,0.2990788281485956,0.30939532135821995,0.9973219533454316,51.16467136705337
Mexico City,19.43,-99.13,1.9833228941430605,4.836622857142857,5.5088690664827356,558.9731428571429,3.081086410747287,0.3710116363325267,0.13676868496802425,0.9987398911453131,48.905722736701186
Minsk,53.9,27.57,4.637993757017741,61.44878,2.9703760972271236,301.3974285714286,5.554721957308286,0.07886703574896012,0.590220749488742,0.9976959408400374,50.7921821398218
Mogadishu,2.05,45.34,6.7919901596569465,192.25676,6.083451812197235,617.2762857142857,319.2861317851744,0.4371395646972052,0.9581511507322561,0.865291633536267,72.18886611594391
Monrovia,6.3,-10.8,2.84859467025975,14.315688571428572,4.580510787526868,464.776,5.858089294319071,0.26417242304556415,0.2845682780319812,0.9975679104903267,49.0309825774918
Montevideo,-34.86,-56.17,5.587215555056517,106.99624,4.824292517019024,489.51571428571424,3.848156730048261,0.2922324207382596,0.7523600903871659,0.9984161638706484,64.21258445726481
Moroni,-11.7,43.26,4.528101665009143,57.07582571428571,5.784075938725097,586.8982857142856,239.54035001749352,0.4026845746328728,0.5714497610800928,0.8989468069253154,60.21928002547716
Moscow,55.75,37.62,4.5235768181964,56.94142285714286,2.8473137843390877,288.8882857142857,0.6723957410007518,0.06467905784204817,0.5706768588127825,0.9997564327144592,49.70016105949918
Muscat,23.61,58.59,3.1795042871044665,19.717331428571427,5.828694096671051,591.426,17.70469995670576,0.4078199472949449,0.34109191379657045,0.9925682763143563,56.3226035951256
Nairobi,-1.29,36.82,4.37020881160908,51.55276285714286,5.8239164224653255,590.9440000000001,9.413838534591534,0.40727325873049014,0.5444796227670535,0.9960672749136642,62.50733727964114
Nassau,25.05,-77.34,5.521644130762567,103.57754,5.206325425983553,528.2751428571429,293.0133940171259,0.33619369950341116,0.7411596443599482,0.8763795371894609,61.97392342661872
Naypyidaw,19.76,96.08,2.5977000545378717,10.802031428571429,5.152580957321442,522.8225714285715,23.81027258309988,0.3300093458791932,0.24171223773438266,0.9899915368201051,50.15148707180237
Ndjamena,12.11,15.04,3.9020001882091258,36.535259999999994,6.1507187760846085,624.1025714285714,360.1808744364684,0.4448819969330999,0.4645035436695465,0.8480327939572737,57.1713700061286
New Delhi,28.64,77.22,2.993104826066964,16.550454285714284,4.942949332028702,501.55057142857146,3.365697213173168,0.30588245969022504,0.3092524787784468,0.9986197766302666,51.47146604987041
Ngerulmud,7.5,134.62,5.115534184551881,82.71923142857143,5.210566741522569,528.7082857142857,994.5811637117437,0.3366849738743142,0.6717908212387946,0.5802963537299757,51.03001420403568
Niamey,13.51,2.11,3.77720596280731,33.09871142857143,6.078680510538642,616.7914285714286,1.550913873286726,0.4365896355366363,0.44318707843835803,0.9993856710338773,60.740767905632524
Nicosia,35.17,33.37,4.060779162255515,41.19143714285714,4.997109766428197,507.0491428571429,39.998259022887424,0.3121189869118805,0.4916250428319139,0.983159708497978,56.72830201637198
Nouakchott,18.08,-15.97,5.463442699945462,100.02731142857142,6.259440349512902,635.1348571428572,3.8145288903324395,0.45739491070861477,0.7312180883911238,0.9984303558536128,70.1852497556867
Nukualofa,-21.13,-175.2,6.425583987253109,163.4766057142857,5.130108273266818,520.5397142857142,696.963920274985,0.3274201095839982,0.8955642448927366,0.7058999870433322,61.14073134144199
Nur-Sultan,51.18,71.45,4.826359913594901,69.19271714285715,3.7325087500133667,378.72971428571424,4.2984435131054735,0.16657798235300977,0.6223961215019987,0.9982261289945374,55.281786809016474
Oslo,59.91,10.75,1.9612647482168257,4.635828571428571,2.669086266615337,270.8271428571428,30.013302031193284,0.04419395356614636,0.13300086879554432,0.9873736675487105,35.3789942329735
Ottawa,45.42,-75.7,2.398891946574273,8.466185714285714,3.5784914844139317,363.104,1.089484830071593,0.14885516220479791,0.20775324558198818,0.999580408286581,42.17421610424899
Ouagadougou,12.37,-1.52,2.8933090073037975,14.875554285714287,5.862962387111952,594.9028571428571,0.5115718834957056,0.4117634287062374,0.29220606421853024,0.9998243053302823,55.231448234713866
Palikir,6.92,158.16,5.609021821564916,109.74935714285714,5.138712999839595,521.4177142857143,1273.559723420501,0.32841594476987235,0.75608488230243,0.4625588183932742,49.695948811666014
Panama City,8.99,-79.52,4.64395516345321,62.00598285714286,4.934620348144108,500.70428571428573,7.84880945049722,0.30492259512121783,0.5912390346906534,0.996727765337315,59.83590780568777
Paramaribo,5.87,-55.17,3.435082412071049,24.92674285714286,5.151728399495258,522.7402857142857,167.21559149874753,0.3299160167111061,0.3847479579537484,0.9294700801858445,52.62318181263203
Paris,48.86,2.35,4.408036456963203,52.75139142857143,3.3024083961160478,335.08542857142857,5.661265282756632,0.11707625641151943,0.5509410730815418,0.9976509762787538,51.140811737269644
Phnom Penh,11.55,104.92,3.135978428667672,19.01403428571429,5.254309420615315,533.144,4.521357688034327,0.3417159993415109,0.33365713510358086,0.9981320523544719,53.622315597402014
Podgorica,42.44,19.26,2.9132082170393425,15.257020000000002,3.8709523405943562,392.7817142857143,33.69165353769439,0.18251588216155545,0.29560510621017755,0.9858212900436807,45.743427174077965
Port Louis,-20.16,57.5,6.811376225765402,195.0079257142857,5.483856767529648,556.4377142857143,1.1119492664458719,0.36813593134084205,0.9614625411659069,0.9995709276032834,73.55644131670938
Port Moresby,-9.44,147.18,6.008554109054356,134.08729142857143,5.131984235026146,520.7339999999999,4.181114970026093,0.32764047011975944,0.8243301563732757,0.9982756452494828,67.78379285347313
Port Vila,-17.73,168.32,6.5172449499000145,171.06972,5.177006002160127,525.3034285714285,964.9677667784739,0.3328231554850978,0.9112211209783795,0.5927941183306336,58.4333833986743
Port of Spain,10.65,-61.52,6.1402815309101415,143.69657714285717,5.258371529840771,533.5562857142858,0.7490550559258474,0.34218361736078085,0.846830901090764,0.999724080125037,69.08399413090525
Port-au-Prince,18.54,-72.34,2.5962513062354966,10.786514285714286,5.793220609113172,587.8285714285714,133.5171639048717,0.4037397127276357,0.24146477281589876,0.9436918534065796,51.704287295779785
Prague,50.09,14.42,4.139151065627239,43.734994285714286,2.9296493410327975,297.2662857142857,7.533125451551264,0.07418145782753029,0.5050119759848408,0.9968609936973005,48.023447403565456
Praia,14.93,-23.51,6.013099453551912,133.61408857142857,5.829748543047491,591.5331428571428,3.7670273328809754,0.40794146964922495,0.8251065599098493,0.9984504029723048,71.02436767243361
Pretoria,-25.74,28.19,3.14537336199245,19.095185714285716,5.663578927635729,574.6734285714285,4.795065984764204,0.3888190360393175,0.33526191103709974,0.9980165390322587,55.55111494365346
Pristina,42.67,21.17,2.730097051746816,12.507765714285714,3.9340751756226404,399.18942857142855,6.704053110178209,0.18978356706672908,0.2643273545687643,0.9972108877328529,45.43748995171767
Quito,-0.23,-78.52,2.1983936607744377,6.523137142857142,4.025600641023173,408.4694285714286,0.556081340320439,0.20030902324544408,0.17350554922902145,0.9998055209701108,43.211693035791725
Rabat,34.02,-6.83,3.806981219723461,34.065648571428575,5.149596192636318,522.5214285714286,38.52162884040852,0.32966778704876326,0.44827307682297246,0.9837828918654394,56.14839054260289
Reykjavik,64.14,-21.9,5.288757135371553,91.06634,2.285070387668025,231.8625714285714,26.81416126921904,0.0,0.7013795381566024,0.9887238033760057,50.70310024597824
Riga,56.95,24.11,4.941208133628479,74.33044285714286,2.7929641317036134,283.3948571428571,6.129349640031552,0.05844836369339813,0.6420136805783663,0.9974534302787573,51.52194787344963
Riyadh,24.69,46.72,3.9043832622202257,36.52594285714285,6.1453293945654615,623.5574285714285,4.5206587050637825,0.44426369119452264,0.4649106034845131,0.9981323473467906,61.66183617272001
Rome,41.9,12.48,3.310753982868692,22.29743714285714,4.4766015541154704,454.2317142857143,10.901636587696025,0.2522130030863438,0.36351105672849543,0.9954393783612046,50.85703317614476
Roseau,15.3,-61.39,6.963663670291831,208.02319142857144,5.628487342294654,571.1091428571428,55.69522467722296,0.3847763923869324,0.9874752032577775,0.976535106054207,74.31136497483683
San Jose,9.93,-84.08,1.3731950958690236,1.6043885714285713,5.155097705859078,523.0771428571429,29.024488467600364,0.3302980829929628,0.032550978126111074,0.9877909772946869,43.82218198234246
San Salvador,13.7,-89.21,3.5697822035438924,28.148668571428573,5.8918771427502055,597.8374285714286,8.701854288291345,0.41509184497506696,0.4077564217855807,0.9963677541707278,58.727399077691935
Sanaa,15.35,44.21,3.2622388822944406,21.35066857142857,6.409275903863635,650.3388571428571,9.315512621334307,0.4746394188703801,0.3552240510497568,0.9961087714741839,59.52556143053342
Santiago,-33.46,-70.65,2.7429602579320522,12.647825714285714,5.4020371362484365,548.138,5.760554018674802,0.3587223236888873,0.2665245562944557,0.9976090733774486,52.272901837712624
Santo Domingo,18.48,-69.9,3.534349247698181,27.275708571428574,5.508276141306556,558.9142857142857,6.957262437712685,0.3709448800525755,0.40170401536299666,0.9971040256063178,56.802036431182444
Sao Tome,0.34,6.73,4.159326100114423,44.290171428571426,4.533583618897907,460.0154285714286,255.7820826715085,0.25877294180019006,0.5084581324059362,0.8920922960472117,52.367430525602046
Sarajevo,43.84,18.36,2.190752785174254,6.46546,3.737184158887,379.2094285714286,34.04169895465586,0.16712207844057336,0.1722003890059204,0.9856735601081187,41.42110161104411
Seoul,37.57,126.98,3.896055136718959,36.30262857142858,3.9376230752087946,399.5451428571429,18.25570452027144,0.1901870212829391,0.46348805210349264,0.9923357354361568,51.28219447750703
Singapore,1.29,103.85,2.850327975789462,14.317020000000001,4.627497885791281,469.54371428571426,6.041636385319105,0.2695800057812235,0.2848643489995293,0.9974904479708588,49.253844140360584
Skopje,42.0,21.43,2.5619563782575687,10.33556,3.9340751756226404,399.18942857142855,12.093421597639251,0.18978356706672908,0.23560675624907632,0.9949364084201868,44.507637622747055
Sofia,42.7,23.32,2.8302551923262005,13.942265714285716,3.8407046796488187,389.7151428571429,22.331734992881113,0.17903775035225286,0.2814356583737404,0.9906155251723167,45.32304552047183
St Georges,12.05,-61.75,7.017942765177034,213.3946657142857,5.723038159186423,580.7042857142858,145.21488875718705,0.39565928631703673,0.9967467735982748,0.9387550536231256,73.89142626932347
Stockholm,59.33,18.07,2.765203533198593,12.99306,2.788061953310364,282.858,3.0123052373959003,0.05783945568355193,0.27032399494893106,0.99876891891661,40.38636564330831
Sucre,-19.04,-65.26,3.2658415129447245,21.371645714285716,6.201098176103857,629.216,1.0217645632070866,0.4506816917985698,0.3558394268874634,0.9996089883227003,58.6907201282477
Suva,-18.14,178.44,5.703623245965801,114.59462857142857,4.9414925092767845,501.40142857142854,5.19556044594734,0.305713300573067,0.7722440272273603,0.9978475180479045,65.33127838118062
Taipei,25.05,121.53,4.928035783260081,73.58187428571429,3.704523448654198,375.89085714285716,21.59992870288286,0.16335812605400393,0.6397636730340517,0.9909243699416719,55.45496633143186
Tallinn,59.44,24.75,6.176152338177579,145.0274142857143,2.7181547918322484,275.7185714285714,9.950590311290787,0.049741854113547895,0.8529580981903813,0.995840749150028,57.45363958475419
Tarawa,1.33,172.98,5.0030018735363,80.61694857142858,5.887830651160801,597.4371428571428,2096.3555254912394,0.41463783745947635,0.6525688493292355,0.11531367553238248,39.62198924422759
Tashkent,41.3,69.27,2.8099966849528943,13.617391428571429,4.601948008854383,466.94971428571426,12.25032356907925,0.2666378685691991,0.27797524370576676,0.9948701909609451,48.85087778276932
Tbilisi,41.69,44.83,2.894918554639462,14.94458,3.8348698557205956,389.1182857142857,0.8175438812547393,0.17836078982400974,0.29248099568838126,0.9996951757336001,45.89971673561983
Tegucigalpa,14.1,-87.21,3.1071596933046743,18.55335142857143,5.144165040775079,521.9668571428572,18.82538234857346,0.3290387873430094,0.328734522952304,0.9920953138657312,52.786446598261435
Tehran,35.7,51.42,3.102780370643654,18.334322857142855,5.161803392875857,523.7579999999999,6.449745803801177,0.3310703170469614,0.32798647808933684,0.9973182132402403,53.00195342176577
Thimphu,27.47,89.64,2.338603920310545,7.848051428571429,4.264959520173665,432.7574285714286,26.547895903138027,0.2278566826924947,0.19745527216559136,0.9888361755524935,44.70301073924233
Tirana,41.33,19.83,2.9264429886753716,15.419497142857145,4.366035246906847,443.0137142857143,5.723535941970324,0.2394894505634101,0.2978657761130818,0.9976246961447274,48.44429219027068
Tokyo,35.69,139.69,4.034064290526451,40.280765714285714,3.9054758947098263,396.28371428571427,9.80865268196196,0.18648788081865236,0.48706179775759517,0.9959006511965012,51.948388701368984
Tripoli,32.9,13.18,5.088069367895373,80.86256285714285,5.549968288537423,563.1482857142856,15.759942636295145,0.3757471194341141,0.6670994758864408,0.9933890237365675,64.84453976605482
Tunis,36.82,10.17,4.709063208323976,64.13918857142858,4.658340244008855,472.67542857142854,6.637441767306858,0.27313202318192836,0.6023603295285326,0.9972389997689295,58.913260806200995
Ulaanbaatar,47.91,106.88,4.025435855977244,40.0837,4.35466902184723,441.862,1.9487254282487416,0.23818316626980174,0.48558794971314,0.9992177823184916,54.071498611741006
Vaduz,47.14,9.52,1.661104133115182,2.8106057142857144,3.3886050309582623,343.8322857142857,4.406468846678347,0.12699701735533658,0.08172955960647962,0.9981805389802293,37.477183651814734
Valletta,35.9,14.51,5.562315316586998,105.84983142857142,5.008923644413076,508.24685714285715,122.53802577242264,0.31347744480292644,0.748106808106878,0.9483253874859914,63.432063659903136
Vatican City,41.9,12.45,3.310753982868692,22.29743714285714,4.4766015541154704,454.2317142857143,10.073626763835943,0.2522130030863438,0.36351105672849543,0.9957888239816768,50.867516544758914
Vienna,48.21,16.37,3.7929345802187933,33.49585142857143,3.272514835349096,332.0571428571429,5.667994911940669,0.1136415485901463,0.44587372940403386,0.9976481361681923,47.85131791077263
Vientiane,17.97,102.6,2.3915675681456054,8.403834285714286,5.08000696959781,515.458,32.40097272840161,0.32165638533539526,0.20650214716287427,0.9863659970546823,48.65229973994251
Vilnius,54.69,25.28,3.6210354389229304,29.231811428571426,2.838990999860982,288.06714285714287,8.351820053840628,0.0637477105188454,0.4165111362479318,0.9965154793869261,44.94070688979955
Warsaw,52.23,21.01,4.424442809021206,53.34254,2.9484228900580667,299.1714285714286,6.886586495484255,0.07634228731643647,0.5537434898767821,0.9971338530283759,49.580011779812196
Washington DC,38.89,-77.04,3.9869311539572037,38.88935428571429,4.103995079464887,416.4217142857143,1.1120372228009279,0.20932857440991992,0.47901084937692917,0.9995708904829954,52.730595172194526
Wellington,-41.29,174.78,6.723166088137479,186.98481142857142,4.180736872734272,424.2108571428571,9.353318461945745,0.21816308753627844,0.9463951105557993,0.9960928162462998,67.0011613055141
Windhoek,-22.56,17.08,3.994124008426636,39.10228571428571,6.339412898228054,643.2551428571429,3.9719033647536257,0.4666050089246018,0.48023948180536863,0.9983639389835759,63.02230298065241
Yamoussoukro,6.82,-5.27,2.639377186059692,11.352785714285716,4.6119765683060105,467.96885714285713,32.395343162722945,0.26779378920311153,0.2488312299967252,0.9863683729045997,47.767739655164206
Yaounde,3.87,11.52,1.7870461475944521,3.5229285714285714,4.529688317773999,459.62,119.30297101869145,0.2583244432979936,0.10324208203409296,0.9496906801227489,41.920960596625
Yaren,-0.55,166.92,4.447365185589169,56.79236857142857,5.910092105504048,599.6974285714285,1611.8233596862287,0.41720147304536964,0.5576589278031279,0.31980115676675214,43.011861458911184
Yerevan,40.18,44.51,2.3793133018938546,8.272097142857142,4.235995385347492,429.8205714285714,7.285838691029608,0.22452567394677383,0.2044089602413793,0.9969653563183407,45.02225645466255
Zagreb,45.81,15.98,3.0313695849774898,17.10122857142857,3.592909978805086,364.56714285714287,2.3660302877710775,0.15051467147484718,0.3157885937330428,0.9990416668288443,45.4654946758505
