date,solar_irradiance,wind_speed,temperature,humidity
20220101,3.8839,1.35,20.18,80.05
20220102,4.0747,1.35,20.38,79.59
20220103,4.6819,1.23,19.34,68.96
20220104,4.9514,1.35,18.86,70.35
20220105,4.4784,1.65,19.32,76.61
20220106,4.6673,2.18,19.6,76.0
20220107,4.5317,2.67,20.42,75.65
20220108,3.5554,2.58,21.12,78.29
20220109,3.7704,2.27,22.06,77.68
20220110,3.2112,2.26,21.95,80.96
20220111,3.2131,2.17,22.45,79.49
20220112,3.1073,2.07,21.99,82.08
20220113,3.1608,1.85,20.74,85.1
20220114,4.1702,1.86,22.05,76.89
20220115,3.8554,1.65,20.92,81.82
20220116,2.3825,1.99,20.39,79.84
20220117,3.7166,1.52,20.18,79.53
20220118,4.9627,1.41,19.71,70.6
20220119,5.0686,1.5,19.47,66.3
20220120,5.2488,0.98,20.49,60.19
20220121,5.3556,1.96,20.83,61.73
20220122,5.2814,1.45,22.61,56.35
20220123,5.1223,2.2,21.09,65.39
20220124,5.0388,1.83,19.53,61.43
20220125,4.6214,1.43,18.25,62.13
20220126,4.7328,1.64,18.29,61.46
20220127,5.064,2.48,17.71,55.82
20220128,5.8942,2.34,16.52,47.91
20220129,5.9942,1.78,16.83,47.93
20220130,5.8776,1.34,19.65,40.89
20220131,5.8452,1.03,21.03,39.97
20220201,5.4221,1.15,21.17,47.46
20220202,5.357,0.99,22.0,50.91
20220203,5.0899,2.51,22.14,65.9
20220204,5.8541,2.22,20.2,51.14
20220205,5.9842,1.32,19.61,43.82
20220206,5.922,1.6,19.75,46.11
20220207,5.6338,1.34,21.9,66.3
20220208,4.7906,1.69,22.67,65.02
20220209,4.307,3.07,22.88,71.32
20220210,4.3615,1.52,22.81,67.81
20220211,4.783,2.5,21.87,61.34
20220212,6.0362,1.96,20.4,44.55
20220213,6.1927,1.55,20.26,41.83
20220214,5.5634,1.85,21.75,63.86
20220215,4.903,2.14,22.86,63.97
20220216,4.0949,1.62,23.2,64.47
20220217,4.302,1.93,23.7,61.5
20220218,4.9709,2.13,23.47,62.26
20220219,5.567,1.79,23.89,59.2
20220220,5.561,2.47,25.62,50.59
20220221,6.0566,1.63,24.33,40.5
20220222,6.2362,1.72,23.85,33.95
20220223,6.0902,2.47,24.0,61.35
20220224,6.2441,2.54,24.49,58.28
20220225,6.2448,2.28,24.45,51.78
20220226,6.5131,3.14,23.46,54.62
20220227,6.7706,2.63,23.52,52.83
20220228,6.8338,2.31,23.6,46.28
20220301,6.5078,2.11,24.52,39.2
20220302,6.7056,2.1,24.68,40.63
20220303,6.3799,2.14,25.2,44.26
20220304,6.3002,2.23,25.54,49.06
20220305,6.1951,1.98,25.79,43.34
20220306,5.8543,1.96,26.8,42.29
20220307,6.2923,2.14,26.73,40.45
20220308,6.0101,1.48,27.25,39.87
20220309,6.239,1.78,27.18,30.09
20220310,5.4108,1.76,27.61,32.01
20220311,5.0986,1.31,28.59,34.46
20220312,5.1264,1.79,27.13,35.63
20220313,6.1874,1.94,28.22,33.55
20220314,7.0973,2.07,28.15,24.04
20220315,6.8719,2.31,28.87,17.67
20220316,6.9886,1.81,30.87,18.58
20220317,7.0478,1.95,31.06,18.54
20220318,6.6557,1.64,30.33,28.23
20220319,5.6923,2.23,29.79,40.26
20220320,5.2826,2.08,30.52,37.41
20220321,5.4763,1.87,31.06,29.37
20220322,5.1365,1.79,30.58,30.0
20220323,5.7768,1.64,31.66,25.76
20220324,5.568,2.05,31.64,37.99
20220325,5.4461,2.21,31.6,39.4
20220326,5.5409,1.41,32.64,35.16
20220327,5.459,1.71,32.44,33.18
20220328,6.1526,1.38,32.18,33.83
20220329,6.5815,1.48,32.1,31.24
20220330,7.002,1.15,31.99,27.11
20220331,6.8592,1.39,32.08,34.95
20220401,6.7109,2.23,32.18,41.68
20220402,6.133,2.44,31.9,43.31
20220403,6.0048,2.01,32.04,34.84
20220404,5.9731,2.59,32.41,34.27
20220405,6.1486,2.41,31.94,35.59
20220406,6.3394,2.49,32.64,30.03
20220407,6.3319,2.64,32.24,32.64
20220408,6.3528,3.22,31.56,37.26
20220409,5.5529,2.72,31.85,40.36
20220410,6.4898,2.44,32.1,36.73
20220411,5.7526,2.45,32.17,34.79
20220412,6.3002,2.54,33.04,33.38
20220413,5.8714,3.0,32.67,33.75
20220414,6.294,2.62,32.57,37.33
20220415,4.589,1.56,32.78,39.73
20220416,5.3597,0.91,30.57,41.79
20220417,5.8416,2.09,32.41,38.45
20220418,6.3823,1.92,33.06,33.38
20220419,6.4526,2.03,34.21,29.83
20220420,6.7262,2.05,34.86,28.46
20220421,5.771,3.37,33.78,35.4
20220422,4.908,1.95,31.45,43.72
20220423,6.1807,1.52,29.75,44.11
20220424,6.3658,1.82,32.54,36.39
20220425,6.4459,1.37,34.17,31.44
20220426,5.7986,1.77,34.1,31.37
20220427,6.2078,2.08,34.49,30.26
20220428,5.9474,1.84,34.62,30.97
20220429,6.8806,2.14,35.24,27.88
20220430,6.6545,1.77,35.38,25.65
20220501,7.091,1.71,35.13,25.28
20220502,6.5878,2.71,34.61,30.73
20220503,6.6715,2.74,33.66,43.93
20220504,5.1194,1.78,29.33,67.09
20220505,5.897,1.92,30.98,55.03
20220506,6.7968,2.45,32.11,47.89
20220507,6.8395,2.61,32.89,44.61
20220508,5.5934,1.91,33.45,38.79
20220509,6.1481,2.23,32.68,39.22
20220510,5.3321,3.89,32.82,38.27
20220511,2.376,3.51,28.96,61.21
20220512,4.8091,2.67,29.56,62.56
20220513,6.6866,2.81,31.28,57.09
20220514,6.9022,3.24,33.13,48.64
20220515,6.5448,2.89,31.97,53.53
20220516,6.4198,2.55,29.57,67.16
20220517,5.1739,1.88,28.83,69.73
20220518,4.9046,2.48,30.68,53.58
20220519,5.1456,2.6,28.49,70.85
20220520,5.2747,1.53,30.22,60.78
20220521,4.6514,4.27,31.46,46.0
20220522,7.3438,6.18,31.48,44.55
20220523,7.483,5.43,32.03,42.97
20220524,7.0766,4.4,33.47,41.34
20220525,6.1562,3.59,33.52,37.68
20220526,5.9311,3.06,34.1,36.79
20220527,6.6266,4.15,32.39,42.53
20220528,7.3723,4.57,33.25,34.28
20220529,7.1693,4.03,33.94,35.3
20220530,6.6643,3.5,33.96,36.41
20220531,5.8692,4.05,33.64,40.64
20220601,6.2218,4.46,32.07,45.32
20220602,6.6046,4.51,33.47,39.59
20220603,5.7434,4.36,34.46,34.69
20220604,6.0154,4.28,32.66,37.78
20220605,6.2102,3.32,31.88,46.82
20220606,4.5643,4.05,30.11,56.15
20220607,6.7178,4.19,32.43,44.38
20220608,4.3176,4.85,32.12,43.67
20220609,5.9016,4.96,30.42,54.01
20220610,6.391,2.55,30.03,54.97
20220611,6.3526,3.26,29.93,57.14
20220612,6.4668,2.22,29.02,62.12
20220613,6.4358,2.87,28.63,63.67
20220614,6.0497,1.58,28.56,67.66
20220615,5.1574,2.56,27.12,75.49
20220616,4.615,1.98,28.25,68.09
20220617,5.4946,1.56,28.22,70.08
20220618,5.2762,2.68,28.26,67.67
20220619,3.9338,2.33,28.4,68.69
20220620,5.5697,2.99,26.84,76.31
20220621,5.6573,3.19,25.82,79.87
20220622,4.5912,3.79,26.95,74.15
20220623,6.1834,2.49,27.15,72.77
20220624,4.5533,2.19,26.78,74.36
20220625,4.7501,2.96,26.85,73.54
20220626,4.0618,3.11,26.28,76.98
20220627,3.8712,4.12,26.62,72.41
20220628,4.0805,4.05,27.15,71.95
20220629,5.568,3.26,27.51,70.52
20220630,4.8185,3.13,27.81,70.32
20220701,5.6683,3.3,28.56,64.58
20220702,4.5653,3.6,27.56,73.46
20220703,4.7162,3.39,26.22,80.98
20220704,4.1988,4.14,26.23,76.12
20220705,4.9162,3.8,26.6,77.96
20220706,3.5021,3.86,25.6,82.09
20220707,4.0882,4.29,25.55,82.06
20220708,1.7362,4.76,24.68,88.43
20220709,1.1383,4.92,24.43,89.84
20220710,1.3178,6.67,24.74,85.09
20220711,2.3875,6.87,24.35,85.3
20220712,1.2902,7.88,23.72,86.11
20220713,1.067,9.64,23.2,87.51
20220714,3.0252,8.17,23.62,84.54
20220715,4.8343,6.38,25.32,79.21
20220716,5.723,3.98,25.01,84.57
20220717,2.8788,4.47,25.04,87.18
20220718,4.237,4.28,25.23,83.44
20220719,5.8051,3.46,26.05,81.43
20220720,6.695,3.43,26.52,80.76
20220721,4.9471,3.45,25.31,84.75
20220722,2.2834,3.5,23.85,91.13
20220723,3.2676,3.52,24.14,88.59
20220724,4.0966,3.43,25.15,84.35
20220725,5.2572,2.44,25.04,83.29
20220726,2.6021,2.08,24.02,89.52
20220727,5.1382,1.41,25.43,85.06
20220728,5.6362,1.4,26.06,84.58
20220729,5.3609,1.03,26.65,82.03
20220730,6.5206,0.84,26.45,84.42
20220731,5.7386,0.76,26.48,83.34
20220801,4.1126,1.0,26.04,86.7
20220802,3.7474,2.2,25.43,90.34
20220803,5.2054,1.6,25.99,85.52
20220804,4.1851,1.03,26.51,83.8
20220805,4.0116,2.41,25.89,84.78
20220806,4.5014,2.69,25.19,86.21
20220807,3.1627,4.03,24.44,88.46
20220808,2.2351,6.05,24.32,85.43
20220809,3.1346,6.5,24.12,86.66
20220810,4.2106,6.2,24.5,82.42
20220811,4.4789,4.51,24.99,83.65
20220812,4.7861,4.44,25.48,82.27
20220813,4.1971,4.4,25.17,83.5
20220814,1.7424,4.64,24.03,87.63
20220815,2.172,4.5,24.62,84.97
20220816,5.971,3.2,25.32,83.22
20220817,6.4157,2.74,25.98,81.47
20220818,5.8548,2.51,25.08,86.11
20220819,4.8336,3.36,25.01,87.54
20220820,4.8626,3.89,25.65,84.97
20220821,5.4338,4.13,25.64,83.13
20220822,4.7467,3.83,25.93,82.43
20220823,5.4358,2.57,26.06,81.83
20220824,5.713,2.09,25.67,83.27
20220825,5.4583,1.82,25.27,84.64
20220826,5.4463,1.39,25.94,81.65
20220827,4.8509,1.85,25.06,86.95
20220828,5.3779,1.83,24.07,88.41
20220829,3.7526,1.24,25.46,83.59
20220830,5.3455,1.41,24.75,89.19
20220831,6.2563,1.54,25.14,87.5
20220901,5.6911,1.61,25.27,86.73
20220902,5.725,1.63,25.07,87.3
20220903,6.3314,0.77,26.24,83.9
20220904,4.0464,1.37,25.66,86.67
20220905,5.3448,1.4,25.76,80.86
20220906,5.0426,0.96,26.15,81.99
20220907,4.9562,0.71,25.43,87.6
20220908,4.205,0.87,25.53,86.92
20220909,3.0562,1.32,25.67,87.97
20220910,2.1336,2.53,25.02,92.05
20220911,1.447,3.42,24.34,91.05
20220912,3.5402,4.32,24.92,87.08
20220913,3.6463,3.88,25.04,85.48
20220914,3.8474,3.2,25.35,84.19
20220915,4.3301,3.31,24.78,86.9
20220916,4.523,3.93,25.4,84.98
20220917,4.9267,2.81,25.52,84.44
20220918,5.8075,3.03,25.16,83.51
20220919,4.3615,2.57,23.88,88.74
20220920,2.6875,3.32,24.11,86.06
20220921,4.259,2.93,24.12,86.9
20220922,2.6897,2.77,24.22,87.32
20220923,5.5159,2.42,23.79,82.56
20220924,5.7862,2.34,24.39,81.71
20220925,5.6964,1.31,24.95,81.38
20220926,4.8893,0.94,25.28,83.31
20220927,4.4362,1.52,25.27,87.13
20220928,4.4873,1.56,25.0,88.47
20220929,3.3269,1.34,24.55,88.54
20220930,4.056,2.32,24.02,89.79
20221001,4.9601,2.37,24.72,86.22
20221002,5.8663,3.3,24.93,85.34
20221003,5.4996,3.38,24.96,85.24
20221004,3.7078,2.59,24.34,88.84
20221005,3.8698,1.61,24.26,92.29
20221006,3.0101,2.54,24.06,91.1
20221007,3.4594,3.27,24.18,91.06
20221008,5.0952,1.28,24.66,88.05
20221009,4.655,1.63,24.57,87.6
20221010,3.7169,2.55,24.42,91.91
20221011,4.7734,2.69,24.69,89.22
20221012,4.6289,1.47,24.62,87.82
20221013,4.5742,1.21,24.5,87.91
20221014,3.9223,1.48,24.15,90.81
20221015,2.6604,2.13,23.48,93.9
20221016,4.0877,2.46,24.68,89.57
20221017,5.6916,1.68,24.66,88.33
20221018,5.1024,0.91,24.93,85.17
20221019,4.8787,0.93,24.78,85.36
20221020,4.7129,1.83,24.11,86.51
20221021,4.0421,1.68,23.43,86.21
20221022,6.0538,2.29,20.6,79.2
20221023,6.1318,2.6,19.72,81.39
20221024,5.9153,2.33,19.87,80.03
20221025,6.0545,1.64,20.32,74.84
20221026,6.0264,1.37,20.56,71.57
20221027,5.815,1.21,21.0,73.21
20221028,5.9246,1.67,20.51,77.39
20221029,6.0221,1.98,19.37,75.67
20221030,5.9446,2.02,18.86,78.53
20221031,5.7374,1.78,19.24,78.51
20221101,2.5999,1.46,20.86,82.13
20221102,3.0948,2.0,21.96,87.92
20221103,4.8888,1.6,22.63,85.34
20221104,4.4599,1.4,22.6,85.2
20221105,5.0671,1.33,22.57,83.95
20221106,5.5862,1.36,21.76,75.82
20221107,5.443,1.19,21.88,75.21
20221108,5.3947,1.13,21.75,76.82
20221109,5.2306,1.29,20.5,77.7
20221110,5.0981,1.82,20.05,79.68
20221111,5.0491,2.35,19.57,80.86
20221112,4.7268,2.2,19.87,80.13
20221113,5.0827,2.11,20.49,81.07
20221114,5.0604,1.32,20.96,82.55
20221115,5.3638,1.22,20.0,77.83
20221116,5.4574,1.26,19.15,71.09
20221117,5.4166,1.84,18.32,72.74
20221118,4.7822,1.88,18.04,76.72
20221119,4.6349,1.87,17.98,77.25
20221120,4.9627,1.9,18.04,76.31
20221121,4.1729,1.98,20.1,78.53
20221122,4.2396,1.79,22.09,85.24
20221123,3.0499,1.6,22.7,85.57
20221124,3.1534,1.05,23.15,85.64
20221125,4.4686,1.56,22.29,83.73
20221126,4.7138,1.39,20.78,76.37
20221127,5.0443,1.02,20.32,69.55
20221128,5.1127,0.97,20.63,67.42
20221129,4.9776,1.24,19.81,63.16
20221130,4.8079,1.06,19.7,66.45
20221201,4.3363,1.0,21.43,72.29
20221202,3.6197,1.06,22.49,82.02
20221203,3.5273,1.35,22.75,84.5
20221204,3.822,1.15,22.55,80.41
20221205,4.1746,1.38,21.18,71.41
20221206,4.7866,1.57,20.11,71.1
20221207,3.8618,2.22,19.32,75.71
20221208,4.6159,2.55,18.83,66.8
20221209,3.8386,2.58,17.87,71.04
20221210,2.7139,2.64,20.11,81.44
20221211,1.7249,3.08,22.29,86.61
20221212,2.8327,2.49,22.81,84.63
20221213,3.415,2.11,23.02,85.07
20221214,4.6622,1.41,23.84,80.24
20221215,4.267,1.12,24.02,75.6
20221216,4.1818,1.07,23.88,72.83
20221217,3.9514,1.28,23.6,73.19
20221218,5.1182,1.73,21.81,73.05
20221219,4.9524,1.15,20.61,64.62
20221220,4.9363,1.18,21.41,60.04
20221221,4.865,1.21,21.45,62.57
20221222,4.8396,1.43,21.42,66.23
20221223,5.1226,1.44,21.12,67.38
20221224,4.9956,1.87,20.12,65.79
20221225,5.1679,1.93,21.36,73.18
20221226,3.1834,2.1,23.22,79.59
20221227,4.3834,1.62,23.9,76.74
20221228,4.4532,1.12,24.29,71.71
20221229,4.368,1.21,23.06,65.19
20221230,4.2778,0.85,23.11,62.25
20221231,4.1962,0.97,23.17,60.72
20230101,3.8635,0.83,22.65,69.13
20230102,3.8614,1.36,22.19,74.37
20230103,3.8964,1.55,21.85,74.11
20230104,4.1453,2.32,21.77,75.43
20230105,3.3816,2.22,22.06,76.2
20230106,2.0796,1.62,21.02,77.99
20230107,4.6181,2.32,20.23,60.78
20230108,5.5361,2.06,18.05,38.76
20230109,5.4046,1.52,18.42,41.49
20230110,5.4202,1.3,20.77,39.19
20230111,5.1986,1.01,21.52,38.06
20230112,4.7606,1.27,21.45,47.08
20230113,4.7146,1.2,21.32,60.28
20230114,4.9042,1.23,21.41,64.03
20230115,4.8482,1.48,21.4,59.43
20230116,5.0244,1.58,21.48,58.69
20230117,5.0736,2.05,21.49,60.78
20230118,5.099,1.67,21.26,62.5
20230119,4.9394,1.92,21.25,64.09
20230120,4.7906,2.07,21.37,67.0
20230121,4.8893,1.72,21.72,66.22
20230122,4.8845,1.96,21.62,64.52
20230123,5.0719,2.61,22.34,68.67
20230124,5.341,3.08,22.28,63.47
20230125,5.281,3.12,21.67,61.86
20230126,5.4828,2.28,21.19,59.26
20230127,5.5558,1.98,21.87,59.94
20230128,5.4166,1.33,23.12,48.69
20230129,4.9946,2.83,22.35,61.73
20230130,4.2886,2.38,23.03,64.08
20230131,4.4911,1.85,23.22,61.65
20230201,4.4462,2.7,22.7,50.67
20230202,5.6184,2.56,21.88,44.89
20230203,5.91,1.79,21.75,35.76
20230204,5.9935,1.5,23.04,32.91
20230205,5.9429,1.32,23.07,31.56
20230206,5.5402,1.34,24.0,40.93
20230207,4.5876,1.4,24.87,53.09
20230208,5.3563,1.73,25.14,47.3
20230209,6.1126,1.78,24.33,27.55
20230210,6.3233,1.75,25.14,24.4
20230211,6.3538,1.65,26.04,22.7
20230212,6.3662,2.18,25.89,20.9
20230213,6.6432,2.94,23.67,21.74
20230214,6.7188,2.43,23.24,17.25
20230215,6.649,2.37,23.99,17.88
20230216,6.6624,2.42,25.06,19.99
20230217,6.4584,2.06,25.11,21.93
20230218,6.0802,1.52,25.67,30.43
20230219,5.7902,1.81,25.29,49.39
20230220,6.0528,1.42,26.65,32.67
20230221,6.5066,1.46,27.38,22.02
20230222,6.3554,1.69,26.77,28.38
20230223,6.2935,1.48,26.51,32.77
20230224,6.4838,1.85,26.62,30.35
20230225,6.6274,1.83,26.54,20.71
20230226,6.5381,1.96,26.41,30.54
20230227,6.313,2.32,25.76,37.79
20230228,5.9806,2.41,25.92,35.92
20230301,5.5934,2.29,25.8,36.77
20230302,5.6443,1.82,26.15,35.41
20230303,5.5865,1.89,27.63,28.06
20230304,5.7972,2.04,26.94,32.39
20230305,6.0787,1.55,27.06,30.17
20230306,5.7168,1.68,27.47,28.79
20230307,5.5327,1.65,26.74,27.97
20230308,5.9621,1.92,26.84,26.29
20230309,5.9275,2.02,25.79,41.54
20230310,5.7857,1.81,27.49,33.99
20230311,5.7218,2.55,26.93,44.17
20230312,6.0758,2.15,26.86,40.41
20230313,5.5819,1.75,27.1,30.55
20230314,5.4756,1.55,28.41,24.27
20230315,4.848,2.23,27.48,37.48
20230316,2.8423,1.92,26.93,48.74
20230317,4.5077,2.53,24.11,70.55
20230318,4.5833,2.06,24.5,74.01
20230319,5.8894,1.21,24.86,72.94
20230320,6.498,1.49,25.39,61.24
20230321,6.7349,1.57,25.83,48.91
20230322,6.4224,1.31,27.01,53.84
20230323,6.341,1.3,28.18,47.74
20230324,5.9726,1.58,28.01,58.27
20230325,5.2078,2.22,28.29,58.68
20230326,5.7509,1.42,29.06,54.67
20230327,6.4898,1.82,29.36,48.54
20230328,6.377,1.3,29.6,50.35
20230329,6.467,2.42,29.79,50.7
20230330,7.0862,2.18,30.16,44.37
20230331,6.2297,2.44,29.44,43.53
20230401,6.7694,1.37,29.62,40.81
20230402,6.7272,1.41,29.1,46.96
20230403,5.9614,2.37,29.92,52.04
20230404,6.4766,2.1,31.16,44.62
20230405,6.349,1.5,31.41,42.41
20230406,5.3458,1.86,30.5,50.03
20230407,5.1449,1.83,29.46,50.98
20230408,6.871,1.99,29.97,45.0
20230409,7.283,2.0,29.57,39.3
20230410,7.2986,1.58,29.87,33.42
20230411,7.0466,2.07,30.95,32.05
20230412,6.2064,1.9,32.25,27.76
20230413,5.2805,1.37,32.74,30.8
20230414,4.6541,1.51,31.29,43.58
20230415,5.6746,2.35,30.66,39.41
20230416,6.2606,1.93,32.11,31.62
20230417,5.7204,1.03,31.97,31.93
20230418,6.2594,2.01,32.27,28.98
20230419,6.2933,2.0,33.14,23.85
20230420,6.2441,1.39,32.79,23.88
20230421,6.4846,1.87,31.91,31.23
20230422,6.1738,1.92,32.36,37.82
20230423,6.5009,2.37,31.86,36.89
20230424,6.2873,4.01,30.05,55.02
20230425,6.6869,3.76,29.62,56.2
20230426,6.7759,1.85,27.86,56.57
20230427,6.4421,2.3,28.19,58.49
20230428,5.5334,1.42,28.21,63.5
20230429,5.947,1.33,28.41,60.7
20230430,5.3695,2.39,26.98,69.11
20230501,5.1103,2.39,26.08,78.2
20230502,5.2606,3.15,26.02,73.96
20230503,5.071,1.62,27.1,67.06
20230504,6.1236,2.21,27.83,67.9
20230505,5.0412,1.4,27.99,66.64
20230506,5.8752,1.54,29.02,62.25
20230507,6.0588,1.24,29.89,60.87
20230508,6.3331,1.33,30.39,60.32
20230509,6.2378,1.76,30.79,59.07
20230510,5.9707,2.08,31.78,53.44
20230511,5.9086,1.96,31.69,49.44
20230512,6.6641,1.91,31.8,35.15
20230513,6.8602,2.52,32.2,32.94
20230514,7.6236,4.1,31.93,36.04
20230515,7.5182,4.37,31.73,41.09
20230516,7.6975,3.7,31.5,41.14
20230517,7.6488,2.55,31.9,36.59
20230518,6.919,1.31,33.44,36.27
20230519,6.6698,1.72,33.07,43.71
20230520,6.5573,2.04,32.35,48.15
20230521,6.475,2.23,32.75,48.86
20230522,6.2311,1.31,31.18,55.2
20230523,6.4488,1.74,31.96,50.76
20230524,6.4963,2.35,32.33,46.1
20230525,5.6318,3.21,32.25,45.07
20230526,7.2278,3.61,32.24,42.32
20230527,6.6802,2.71,32.42,39.41
20230528,6.6936,3.06,33.15,38.75
20230529,6.2126,1.58,32.79,45.59
20230530,4.8103,1.64,30.99,54.15
20230531,6.3703,2.02,31.96,48.75
20230601,6.6797,2.03,33.29,41.64
20230602,7.5636,3.15,33.89,33.42
20230603,7.015,2.85,34.54,32.23
20230604,4.8187,3.38,33.27,40.0
20230605,6.8909,3.46,32.4,41.63
20230606,6.7478,3.13,33.3,37.57
20230607,6.1526,3.34,34.62,34.68
20230608,6.6955,4.27,34.62,36.88
20230609,6.7634,4.56,34.6,36.67
20230610,6.671,5.98,32.43,45.91
20230611,6.2059,4.53,32.9,42.4
20230612,7.4614,4.41,33.89,38.84
20230613,7.5816,4.7,34.03,38.66
20230614,7.4863,4.9,33.5,40.24
20230615,7.5432,4.57,33.64,37.1
20230616,7.5118,4.6,34.73,34.92
20230617,6.9168,4.59,33.69,41.67
20230618,6.8251,2.96,31.71,44.29
20230619,5.7391,2.51,32.26,42.19
20230620,5.9681,2.66,33.05,39.25
20230621,5.6237,3.01,28.99,62.81
20230622,4.0378,3.73,26.0,79.25
20230623,3.3233,2.74,27.27,71.58
20230624,3.3197,3.16,26.37,78.73
20230625,4.5458,4.51,26.8,69.3
20230626,3.8486,5.64,26.78,67.56
20230627,4.3296,5.49,26.86,63.04
20230628,5.075,4.51,27.22,62.84
20230629,5.2603,4.79,28.57,59.61
20230630,6.4236,5.01,28.35,57.96
20230701,6.5381,4.87,29.23,56.82
20230702,5.9126,3.95,28.6,65.06
20230703,6.0084,3.65,27.71,71.93
20230704,5.5754,2.8,26.65,81.36
20230705,4.4398,3.82,26.98,75.6
20230706,4.1016,5.49,27.22,68.94
20230707,4.8686,5.7,27.13,65.52
20230708,4.7081,4.49,27.53,67.99
20230709,5.3251,3.46,27.73,68.94
20230710,5.9386,3.57,28.49,66.91
20230711,2.6378,3.63,26.59,72.95
20230712,3.6408,4.15,25.44,74.78
20230713,5.19,3.19,26.36,73.52
20230714,5.7722,3.01,27.9,68.9
20230715,3.9838,3.92,27.76,70.98
20230716,3.6576,4.59,26.18,75.25
20230717,3.1771,5.37,26.04,73.71
20230718,1.715,6.61,24.69,85.06
20230719,1.128,6.73,24.7,86.71
20230720,1.2658,7.05,23.57,87.87
20230721,2.2483,6.96,24.65,82.0
20230722,3.33,5.77,25.47,80.7
20230723,3.3271,4.7,26.13,80.48
20230724,3.6026,4.99,25.83,83.82
20230725,1.8574,5.64,25.02,87.13
20230726,1.3447,5.53,24.7,90.0
20230727,1.5019,7.5,24.65,89.86
20230728,3.2947,6.46,24.94,85.65
20230729,4.2626,4.94,26.03,82.34
20230730,4.5509,4.52,25.28,85.9
20230731,4.703,4.22,25.36,88.1
20230801,4.4004,4.92,25.65,85.1
20230802,3.5203,5.15,25.67,83.0
20230803,3.0197,5.01,25.89,80.92
20230804,5.3398,4.14,26.2,80.54
20230805,5.8699,3.96,25.9,81.53
20230806,5.4394,3.95,26.07,80.7
20230807,4.7093,3.91,25.78,81.03
20230808,4.3927,3.71,25.99,79.49
20230809,4.7854,3.0,25.85,80.97
20230810,5.4948,2.3,26.18,79.27
20230811,5.7401,1.92,26.13,80.56
20230812,3.9734,2.04,25.39,83.54
20230813,5.4396,2.5,25.58,81.67
20230814,4.7206,2.04,25.04,83.13
20230815,5.2493,2.39,25.64,81.71
20230816,4.7878,2.73,25.0,79.9
20230817,4.4208,2.77,24.57,86.74
20230818,2.6369,3.88,24.34,86.39
20230819,1.6068,4.15,24.02,86.4
20230820,4.4479,2.78,25.38,82.79
20230821,5.5222,2.35,26.27,76.09
20230822,4.6272,1.58,26.43,78.43
20230823,5.5022,2.26,25.53,82.06
20230824,5.1631,2.49,26.0,78.89
20230825,5.3311,2.66,26.26,78.79
20230826,5.4228,2.89,25.76,82.94
20230827,6.1766,3.01,26.5,80.43
20230828,5.4648,3.13,26.07,80.87
20230829,5.0587,2.28,25.76,80.4
20230830,6.174,2.17,25.84,78.82
20230831,5.7871,2.15,25.74,80.55
20230901,4.9954,1.44,26.6,80.78
20230902,4.2322,0.55,26.22,82.77
20230903,2.3554,1.64,25.76,87.02
20230904,1.3176,2.56,25.01,91.56
20230905,1.5439,3.56,24.76,91.19
20230906,2.7432,3.4,24.3,91.03
20230907,3.4886,4.72,24.16,83.3
20230908,3.2966,4.49,24.42,84.67
20230909,3.2256,3.51,25.59,87.15
20230910,2.688,3.3,25.64,87.72
20230911,4.9358,3.07,25.74,84.69
20230912,4.0505,2.58,25.38,86.87
20230913,5.0446,2.5,24.57,85.8
20230914,3.7054,2.9,24.6,86.54
20230915,5.0153,2.77,25.0,83.51
20230916,5.3957,3.03,25.39,82.23
20230917,6.073,2.43,25.82,81.33
20230918,6.0715,2.51,26.17,80.2
20230919,5.8826,2.58,26.01,81.62
20230920,5.4497,2.34,25.24,87.95
20230921,3.0914,1.59,25.08,90.25
20230922,2.8229,2.01,25.02,86.32
20230923,4.4098,1.55,25.74,83.38
20230924,3.8604,1.35,25.4,88.52
20230925,3.931,2.06,25.12,89.73
20230926,3.6794,1.12,25.38,87.4
20230927,4.8593,0.65,25.89,85.3
20230928,4.8022,0.97,25.92,85.83
20230929,4.2744,0.96,25.76,84.64
20230930,4.9651,1.84,25.27,86.48
20231001,4.7628,1.86,25.79,83.49
20231002,3.6583,2.23,25.42,86.46
20231003,5.1026,3.13,25.3,82.25
20231004,5.8728,2.22,25.13,79.8
20231005,6.3324,2.1,23.94,76.69
20231006,6.4423,2.28,23.9,79.15
20231007,6.2035,2.03,24.47,80.43
20231008,6.0754,1.55,24.83,78.55
20231009,5.8606,1.37,25.26,77.05
20231010,5.6306,1.54,25.38,78.96
20231011,5.7242,1.89,24.53,79.51
20231012,5.9705,1.53,24.5,77.02
20231013,5.639,1.42,24.55,75.23
20231014,5.563,1.24,24.76,74.99
20231015,5.1881,1.21,24.6,74.86
20231016,4.9546,1.25,24.42,76.7
20231017,5.4874,1.31,24.24,79.38
20231018,5.7362,1.49,23.75,73.65
20231019,5.5282,1.52,24.21,77.45
20231020,5.2658,1.71,24.04,80.14
20231021,5.399,1.81,23.43,81.24
20231022,5.934,2.44,22.01,76.64
20231023,5.8572,2.25,21.58,73.99
20231024,6.1466,2.09,21.24,74.49
20231025,6.0972,2.13,20.77,70.2
20231026,5.9971,2.15,20.61,68.56
20231027,6.0403,1.89,20.42,65.37
20231028,5.2394,1.59,21.17,67.25
20231029,4.1962,1.35,22.42,68.49
20231030,4.0433,1.33,22.69,76.22
20231031,4.1155,1.36,22.34,77.9
20231101,3.833,1.39,22.75,74.88
20231102,3.7594,1.15,23.97,74.11
20231103,3.6202,1.13,24.74,78.22
20231104,3.8556,1.77,24.47,78.71
20231105,3.8102,1.38,23.47,79.93
20231106,3.1625,2.05,24.16,81.04
20231107,2.9741,1.8,24.0,84.29
20231108,3.2297,1.49,24.41,82.5
20231109,3.8981,1.3,23.69,83.91
20231110,5.0446,1.51,23.87,76.16
20231111,5.0494,1.3,22.88,67.56
20231112,4.9675,1.8,22.68,65.04
20231113,4.5245,1.5,22.81,71.42
20231114,3.6734,1.63,22.84,71.22
20231115,4.4426,1.76,21.95,68.67
20231116,4.8077,2.26,21.43,68.65
20231117,5.137,2.04,22.15,71.06
20231118,4.9798,1.53,23.11,67.08
20231119,4.5629,1.71,23.21,71.31
20231120,4.1654,1.78,22.95,71.88
20231121,3.7442,1.74,23.61,75.17
20231122,4.0999,1.51,24.17,78.01
20231123,2.1343,1.91,23.87,82.73
20231124,1.9438,2.22,23.78,80.85
20231125,3.7006,2.06,23.79,76.84
20231126,2.9484,1.9,23.82,76.16
20231127,3.161,2.61,23.93,74.28
20231128,4.2012,2.56,24.14,74.11
20231129,4.65,2.77,23.7,73.11
20231130,4.1335,2.44,23.66,69.89
20231201,4.8934,2.18,23.35,70.51
20231202,4.879,2.24,23.04,62.9
20231203,4.205,2.98,23.92,73.65
20231204,1.9243,3.36,23.12,74.13
20231205,1.9723,5.48,20.53,88.9
20231206,2.281,3.67,21.68,82.75
20231207,2.1125,2.26,22.54,70.36
20231208,4.5466,1.6,21.94,74.12
20231209,5.0822,1.92,21.16,67.92
20231210,5.1427,1.82,20.23,65.89
20231211,5.0112,1.35,20.23,64.94
20231212,5.003,1.37,20.25,69.53
20231213,4.3553,1.63,20.22,71.23
20231214,4.717,1.62,19.8,71.04
20231215,4.644,1.47,19.61,70.59
20231216,2.9628,1.39,20.25,70.33
20231217,3.667,1.87,20.26,60.85
20231218,3.595,2.14,19.68,60.15
20231219,3.5611,2.48,18.67,58.27
20231220,4.4662,1.88,18.02,56.58
20231221,4.9313,1.66,18.36,49.18
20231222,4.9313,1.44,19.65,53.73
20231223,4.0606,1.68,19.72,70.58
20231224,4.1618,1.45,19.98,70.87
20231225,4.3985,1.05,20.56,61.83
20231226,4.4477,1.29,21.16,66.33
20231227,4.4155,1.47,20.7,72.28
20231228,4.4213,1.73,20.42,70.47
20231229,4.2276,1.87,20.42,73.48
20231230,4.3447,1.34,20.83,70.57
20231231,4.381,1.53,20.66,69.04
20240101,4.135,1.74,20.76,73.7
20240102,4.0961,1.93,20.86,71.95
20240103,4.1326,2.34,21.04,73.01
20240104,4.092,2.49,21.58,70.15
20240105,4.1962,2.64,20.98,67.38
20240106,4.6466,2.39,20.81,66.03
20240107,4.327,2.38,21.07,66.54
20240108,4.6013,2.51,21.27,60.04
20240109,3.0706,2.43,22.06,61.73
20240110,2.6962,1.58,22.39,61.5
20240111,4.433,1.35,23.53,49.36
20240112,4.5173,1.39,23.27,56.3
20240113,4.0598,1.46,23.34,58.76
20240114,4.7114,1.4,23.25,51.76
20240115,4.2449,0.92,23.34,53.3
20240116,4.2941,1.92,23.17,66.7
20240117,4.1741,2.7,23.38,64.13
20240118,4.1434,2.1,23.25,62.22
20240119,4.4122,2.06,23.68,57.96
20240120,4.4522,2.57,23.68,61.46
20240121,4.2778,1.88,24.39,61.52
20240122,4.5019,1.72,25.0,59.56
20240123,4.5775,3.04,24.61,64.1
20240124,3.9458,1.86,24.61,62.71
20240125,4.1472,2.04,22.39,52.5
20240126,4.1866,1.62,22.19,49.62
20240127,4.0968,1.76,22.22,40.39
20240128,5.2234,1.75,21.64,40.91
20240129,4.3226,1.84,22.91,57.59
20240130,4.8674,1.73,22.82,51.72
20240131,5.0676,1.95,23.17,51.89
20240201,5.1634,2.51,24.36,56.43
20240202,4.6346,0.93,24.93,47.55
20240203,4.5696,1.73,24.97,48.72
20240204,5.345,1.76,24.74,42.35
20240205,5.1211,1.67,25.58,54.22
20240206,5.201,1.34,26.54,50.84
20240207,5.0378,0.96,27.73,42.93
20240208,5.0098,2.16,26.41,36.66
20240209,5.3981,2.01,25.29,37.39
20240210,4.8074,3.21,26.04,57.36
20240211,5.0237,3.8,26.17,57.25
20240212,5.6323,3.56,25.31,52.92
20240213,5.8068,3.43,24.82,48.77
20240214,5.4446,3.13,25.64,48.2
20240215,5.7761,2.63,25.38,42.97
20240216,6.4498,2.34,24.74,35.44
20240217,6.461,1.62,24.82,34.61
20240218,6.3346,1.98,25.16,32.8
20240219,6.0074,2.4,25.88,43.67
20240220,5.7324,1.62,27.01,41.62
20240221,5.814,1.57,27.65,32.59
20240222,6.2018,1.6,27.42,28.08
20240223,6.0828,1.42,26.04,40.76
20240224,4.4621,2.24,27.45,52.31
20240225,4.6078,3.08,27.22,59.11
20240226,5.3664,3.84,26.8,54.99
20240227,6.4315,2.51,26.24,48.4
20240228,6.299,2.24,26.92,47.65
20240229,5.725,1.99,27.48,43.42
20240301,6.055,2.08,28.36,40.27
20240302,6.1258,2.67,28.93,40.03
20240303,5.9546,2.38,28.74,40.04
20240304,5.5282,1.88,29.15,36.87
20240305,6.2261,1.49,29.78,33.05
20240306,5.8685,1.99,30.22,33.98
20240307,5.969,2.16,30.39,29.76
20240308,6.0689,1.22,29.66,27.61
20240309,5.6498,1.38,28.88,29.37
20240310,5.7754,2.83,28.96,46.13
20240311,5.2682,2.14,29.12,45.44
20240312,5.5162,1.51,30.92,40.29
20240313,4.777,2.15,31.75,31.91
20240314,5.4439,1.25,30.83,33.05
20240315,4.7582,2.35,30.41,39.4
20240316,5.087,3.16,29.85,45.11
20240317,4.7741,3.33,29.14,50.77
20240318,5.0669,2.0,29.31,44.39
20240319,4.2223,2.18,28.68,41.37
20240320,5.6758,1.94,28.33,44.24
20240321,6.9468,2.42,27.89,47.18
20240322,6.8441,1.68,28.99,44.25
20240323,6.3722,1.88,30.5,38.47
20240324,6.0518,2.56,30.44,38.34
20240325,4.8619,2.3,31.01,36.57
20240326,6.463,2.77,31.28,35.44
20240327,6.522,2.63,31.0,32.74
20240328,6.6818,2.5,31.47,31.39
20240329,6.2174,2.75,32.67,32.0
20240330,6.4459,2.78,32.53,32.45
20240331,6.6084,2.52,31.9,29.44
20240401,6.5282,1.81,32.76,29.65
20240402,6.2076,2.21,33.4,26.68
20240403,5.2519,1.95,32.87,30.85
20240404,6.2772,2.09,33.65,32.23
20240405,6.4385,1.63,34.56,25.02
20240406,5.9582,1.71,34.81,25.14
20240407,5.7677,2.53,34.56,27.68
20240408,6.0713,4.21,32.27,37.0
20240409,6.2335,3.96,30.41,49.96
20240410,6.474,3.57,31.2,40.99
20240411,5.7528,3.19,31.27,38.7
20240412,5.4247,2.93,30.73,44.32
20240413,3.8522,2.47,31.25,40.59
20240414,6.5117,2.67,31.93,37.66
20240415,6.8066,2.22,32.82,33.26
20240416,6.8402,1.78,34.03,29.97
20240417,5.3081,1.51,35.07,27.49
20240418,5.79,2.04,35.57,28.64
20240419,4.9435,0.97,34.95,31.52
20240420,3.1982,1.59,33.06,39.34
20240421,5.4238,1.7,34.17,37.15
20240422,6.3598,1.74,34.59,30.12
20240423,7.151,2.73,33.6,29.78
20240424,7.1009,1.7,33.17,29.23
20240425,7.1988,2.61,33.92,27.93
20240426,7.1594,2.84,34.66,28.04
20240427,6.6605,2.53,34.61,31.39
20240428,6.3962,2.49,35.5,26.89
20240429,6.6401,2.52,35.12,30.14
20240430,6.8954,1.57,36.15,24.62
20240501,6.9562,2.62,36.11,21.49
20240502,7.4609,2.44,35.17,16.83
20240503,7.6728,2.05,34.59,15.14
20240504,6.9581,1.69,34.61,35.74
20240505,6.6511,1.66,35.49,33.07
20240506,6.858,2.1,35.62,39.6
20240507,6.0221,3.93,34.28,43.58
20240508,6.9206,2.7,29.6,58.5
20240509,5.7869,2.6,30.78,55.28
20240510,5.7422,2.16,30.69,57.62
20240511,6.8731,2.81,31.18,56.39
20240512,6.1596,2.26,30.28,60.84
20240513,5.9539,2.0,29.82,60.08
20240514,6.5338,1.94,30.04,59.96
20240515,5.5169,2.08,29.99,60.29
20240516,4.5521,2.63,27.74,75.88
20240517,4.9303,2.26,27.63,72.06
20240518,4.6498,2.18,28.66,67.67
20240519,4.9668,2.36,28.98,68.46
20240520,6.0672,2.15,30.27,63.76
20240521,6.8465,2.87,31.44,59.35
20240522,6.9874,2.54,31.68,58.42
20240523,6.1013,2.25,31.37,60.22
20240524,6.2482,1.54,32.29,54.05
20240525,5.3208,3.36,32.04,53.56
20240526,5.4444,4.03,33.72,46.78
20240527,5.1826,4.88,34.13,43.28
20240528,6.5542,4.63,31.94,45.38
20240529,7.1203,3.33,33.33,44.42
20240530,6.9754,2.98,34.37,43.3
20240531,6.9667,2.85,34.6,40.8
20240601,5.3753,2.24,32.9,46.8
20240602,5.424,3.22,31.47,57.61
20240603,3.4529,2.17,28.59,68.08
20240604,5.029,1.89,30.37,61.72
20240605,5.5966,2.16,29.46,67.71
20240606,5.4806,1.56,28.89,69.67
20240607,4.89,1.79,28.5,71.31
20240608,4.8514,2.34,27.87,71.54
20240609,4.4455,2.06,27.25,73.37
20240610,4.565,1.84,27.99,73.85
20240611,4.4527,3.42,29.04,68.97
20240612,5.2538,3.82,27.71,72.85
20240613,5.6047,4.37,27.48,73.2
20240614,5.1886,4.13,27.97,69.48
20240615,6.2119,4.63,27.39,68.08
20240616,6.1824,2.92,28.29,71.96
20240617,5.3719,2.1,28.29,72.02
20240618,6.0574,3.34,28.13,71.79
20240619,5.1355,4.19,25.83,77.79
20240620,6.0631,4.33,28.39,65.85
20240621,4.3819,4.01,28.17,67.98
20240622,4.6642,3.49,27.1,75.06
20240623,4.2859,1.98,27.53,73.26
20240624,5.7485,2.95,29.01,68.08
20240625,5.3018,3.64,28.48,68.78
20240626,5.981,5.1,25.99,73.92
20240627,3.8933,5.97,25.39,71.54
20240628,4.2655,5.72,26.66,68.49
20240629,3.895,4.15,27.22,71.77
20240630,3.3365,4.25,27.82,71.65
20240701,3.5326,5.48,27.5,71.5
20240702,5.142,5.93,27.77,66.71
20240703,5.0623,4.25,27.74,72.9
20240704,5.2781,4.24,27.67,71.88
20240705,5.1487,4.31,26.41,75.51
20240706,4.1376,4.37,25.95,78.57
20240707,5.1672,4.09,25.98,78.1
20240708,3.6002,3.31,25.64,82.87
20240709,3.4574,2.74,26.06,77.6
20240710,5.5286,3.08,26.59,74.19
20240711,5.9513,3.98,28.11,66.58
20240712,4.752,4.97,26.12,75.11
20240713,3.9576,5.17,25.82,78.49
20240714,2.8238,5.3,25.76,81.83
20240715,2.513,3.61,25.5,84.97
20240716,3.9478,4.18,26.53,74.91
20240717,4.0176,4.79,26.11,75.05
20240718,3.1858,5.23,25.38,83.38
20240719,3.3458,7.15,24.99,82.69
20240720,1.3577,7.01,24.27,88.11
20240721,1.1261,6.58,26.12,81.03
20240722,3.6982,6.26,25.71,81.07
20240723,2.7271,6.06,25.33,81.7
20240724,1.8833,5.55,25.54,82.03
20240725,1.6193,5.72,25.35,83.21
20240726,4.0896,5.82,25.08,80.76
20240727,2.581,6.64,25.35,82.37
20240728,4.0658,5.42,25.59,79.63
20240729,4.0632,4.11,26.82,78.68
20240730,4.9464,3.57,27.18,77.54
20240731,5.3705,3.68,26.94,80.37
20240801,3.5986,4.45,26.29,83.06
20240802,3.7721,4.81,25.52,83.88
20240803,4.3174,4.83,26.45,78.52
20240804,4.3142,4.04,25.81,80.65
20240805,5.387,3.48,26.33,79.47
20240806,2.7139,3.1,25.25,86.38
20240807,2.0688,3.19,24.89,86.99
20240808,3.0821,3.21,26.03,80.57
20240809,5.2862,2.44,26.35,80.11
20240810,5.8819,2.29,26.73,79.41
20240811,5.3429,2.09,26.84,81.22
20240812,5.2322,1.91,26.9,81.44
20240813,5.1516,0.76,27.22,81.15
20240814,4.4918,0.89,27.22,82.15
20240815,5.149,1.32,26.44,87.89
20240816,4.7333,1.41,26.72,85.05
20240817,5.3026,1.35,26.32,86.83
20240818,5.1314,1.35,26.03,87.72
20240819,3.6434,1.19,26.54,83.03
20240820,4.6126,1.04,26.35,84.25
20240821,5.6789,2.39,26.77,83.67
20240822,4.9781,1.8,26.27,85.82
20240823,4.595,3.37,25.24,85.71
20240824,3.079,4.37,25.42,87.42
20240825,4.1554,4.45,25.74,82.72
20240826,5.3832,4.41,25.72,80.45
20240827,4.7261,3.51,25.87,82.12
20240828,4.703,3.23,25.61,82.6
20240829,5.3059,2.74,25.47,83.66
20240830,3.6173,3.53,24.69,88.69
20240831,1.0073,4.7,24.56,91.11
20240901,0.7058,3.68,25.04,92.95
20240902,1.4681,4.54,24.65,86.89
20240903,3.0554,4.43,23.98,85.22
20240904,2.7775,3.27,25.1,89.57
20240905,4.8636,3.68,25.64,87.16
20240906,4.8871,3.43,25.83,86.79
20240907,4.1825,3.48,24.75,90.48
20240908,2.6986,3.74,24.28,90.99
20240909,1.944,3.94,24.03,90.09
20240910,4.441,4.12,25.19,85.59
20240911,5.369,3.63,25.38,82.8
20240912,4.9435,3.22,25.17,82.54
20240913,5.9904,3.29,24.78,82.17
20240914,6.1202,3.17,24.78,83.44
20240915,6.0778,3.54,24.6,82.0
20240916,4.2475,3.62,24.23,83.77
20240917,5.7538,3.3,24.7,83.12
20240918,6.4606,2.32,24.59,80.16
20240919,5.951,1.54,25.07,78.75
20240920,4.5986,1.66,25.39,82.27
20240921,3.6302,2.2,24.98,90.27
20240922,5.1749,2.08,25.53,86.21
20240923,4.799,1.52,25.32,89.9
20240924,4.1311,1.5,25.94,88.79
20240925,3.6072,1.48,25.79,88.36
20240926,3.5962,3.11,24.87,87.75
20240927,5.149,3.08,24.6,87.96
20240928,5.6678,1.95,25.64,82.95
20240929,5.4209,1.01,25.8,82.72
20240930,5.0767,1.06,26.18,84.5
20241001,5.7125,0.72,26.74,81.76
20241002,5.4926,1.35,26.65,85.29
20241003,4.6658,2.29,25.95,86.69
20241004,5.0376,1.88,26.04,85.4
20241005,3.8602,1.17,26.21,82.93
20241006,4.5247,1.55,25.25,86.87
20241007,4.7107,1.28,24.69,86.19
20241008,5.6398,1.36,24.89,85.67
20241009,5.4334,2.22,25.08,88.0
20241010,4.6812,2.37,24.82,89.11
20241011,3.9578,2.46,24.98,89.3
20241012,4.7714,2.0,25.02,89.4
20241013,5.5898,1.79,25.23,87.39
20241014,4.463,1.46,24.61,88.63
20241015,4.2314,1.57,24.71,87.51
20241016,4.2871,1.61,25.06,86.55
20241017,4.284,2.37,25.26,89.85
20241018,4.7074,2.37,25.26,90.39
20241019,5.243,1.43,24.78,91.01
20241020,4.477,1.48,24.56,88.55
20241021,5.1744,1.47,24.64,87.06
20241022,4.2384,1.06,24.79,87.38
20241023,5.0861,1.96,23.84,85.06
20241024,4.7263,2.22,23.12,84.01
20241025,5.0407,2.77,23.27,81.78
20241026,5.5123,3.11,23.8,83.64
20241027,5.6834,1.71,23.0,81.6
20241028,4.8701,0.83,24.22,76.62
20241029,4.8775,0.63,25.4,74.37
20241030,3.3967,1.41,24.19,90.26
20241031,3.8086,1.61,24.37,87.8
20241101,3.5059,1.25,23.92,86.59
20241102,4.2002,1.64,23.62,87.15
20241103,4.4662,1.88,22.64,84.94
20241104,4.7506,1.46,22.62,82.32
20241105,5.2421,1.54,21.93,73.7
20241106,5.3306,1.6,22.12,77.8
20241107,5.2265,1.33,21.63,78.89
20241108,5.0854,1.13,22.44,77.01
20241109,4.7443,1.34,22.56,79.31
20241110,5.2183,1.83,21.93,82.08
20241111,4.8696,2.13,20.89,80.32
20241112,4.9632,2.52,21.68,83.17
20241113,4.2254,2.49,22.75,86.34
20241114,3.565,2.12,23.18,85.37
20241115,4.6193,1.54,23.11,83.35
20241116,5.028,2.03,21.42,77.3
20241117,4.9831,2.11,19.58,74.86
20241118,4.931,1.68,19.0,75.57
20241119,4.9726,1.4,19.11,75.46
20241120,4.9766,1.41,18.89,79.04
20241121,4.8283,1.35,19.25,75.24
20241122,4.5024,1.33,19.2,77.35
20241123,4.1902,0.92,19.66,75.28
20241124,4.212,1.32,19.16,76.46
20241125,4.452,1.83,19.11,78.84
20241126,4.6565,1.76,19.38,77.64
20241127,4.2576,2.16,18.96,73.25
20241128,4.7765,2.72,18.37,71.04
20241129,4.458,3.07,20.8,77.49
20241130,3.1366,3.39,22.52,84.62
20241201,2.6916,2.58,23.01,86.69
20241202,2.7914,2.93,23.37,87.35
20241203,2.2433,2.54,23.99,84.88
20241204,3.0425,2.04,24.41,84.75
20241205,3.4378,1.34,24.65,84.23
20241206,3.355,1.33,23.79,86.59
20241207,2.8034,0.97,24.29,81.07
20241208,2.8303,1.41,23.74,84.62
20241209,2.7526,1.1,23.57,85.48
20241210,4.1647,2.51,21.51,64.62
20241211,4.7244,2.13,19.47,65.57
20241212,4.7393,1.02,20.27,63.29
20241213,4.1671,1.99,19.98,60.99
20241214,4.4448,2.19,18.97,64.73
20241215,4.7952,1.94,17.37,59.46
20241216,5.0066,1.7,17.31,54.74
20241217,4.9289,1.44,19.35,51.2
20241218,4.8317,2.01,20.29,55.86
20241219,4.1683,2.0,20.84,75.36
20241220,3.047,1.91,23.37,81.62
20241221,3.5474,2.03,23.03,70.89
20241222,4.1381,1.94,21.29,69.21
20241223,4.5026,1.4,20.78,63.29
20241224,3.2635,2.19,20.94,74.17
20241225,2.257,3.01,20.93,84.16
20241226,1.9414,2.85,22.18,81.72
20241227,3.1003,3.17,22.69,75.91
20241228,4.6502,2.18,22.19,75.97
20241229,5.0131,1.77,22.42,71.01
20241230,4.7302,1.58,22.04,62.7
20241231,4.2101,1.41,21.66,68.1
